OBJECTID,Year,State,Agency,Unit ID,Fire Name,Local Incident Number,Alarm Date,Containment Date,Cause,Collection Method,Management Objective,GIS Calculated Acres,Comments,Complex Name,IRWIN ID,Fire Number (historical use),Complex ID,DECADES,Shape__Area,Shape__Length
3249,2017,CA,CCO,ORC,MAGAZINE,17083469,7/31/2017 7:00:00 AM,7/31/2017 7:00:00 AM,14,1,1,5.23979,,,,,,2010-2019,30700.8671875,866.241263674261
9392,1995,CA,CDF,RRU,WATER,00030992,6/29/1995 7:00:00 AM,,2,,1,337.0995,,,,00000832,,1990-1999,1982588.66015625,7827.34531031553
6475,2007,CA,CCO,ORC,ROSE,00000000,4/12/2007 7:00:00 AM,4/12/2007 7:00:00 AM,11,8,1,8.335956,,,,00024073,,2000-2009,49107.671875,1473.50056971999
9584,1994,CA,CCO,LAC,WAGON,00948723,6/25/1994 7:00:00 AM,,14,,1,570.3691,,,,00000007,,1990-1999,3361531.23046875,8855.78895920949
1443,2021,CA,CCO,ORC,PICO,21079730,7/6/2021 7:00:00 AM,7/6/2021 7:00:00 AM,2,1,1,7.302879,,,{F97E3649-1833-4A1E-8AE8-AE0A727C67C7},,,2020-January 2025,42588.39453125,1087.05733300673
1117,2022,CA,LRA,LAC,CUT OFF,00230119,7/10/2022 7:00:00 AM,7/10/2022 7:00:00 AM,14,7,1,2.501228,,,,,,2020-January 2025,14755.64453125,901.81659764373
11593,1984,CA,CDF,RRU,ORANGE CO. (COAL),00016014,7/8/1984 7:00:00 AM,,14,,1,114.2216,,,,00000940,,1980-1989,672384.0859375,4873.22569411018
10148,1991,CA,CDF,MVU,GIRD,00002078,10/1/1991 7:00:00 AM,,4,,1,77.85385,,,,00000770,,1990-1999,452385.92578125,4329.32313926824
10365,1989,CA,USF,CNF,ORTEGA,00000000,6/27/1989 7:00:00 AM,7/5/1989 7:00:00 AM,9,8,1,7752.358,,,,00000025,,1980-1989,45363838.3867188,44628.3024912931
6212,2007,CA,CDF,RRU,SIERRA,00022254,3/11/2007 8:00:00 AM,3/12/2007 7:00:00 AM,14,7,1,777.514,,,,00000000,,2000-2009,4572440.625,11924.9633677743
8227,2000,CA,CCO,ORC,TRW,00050963,9/11/2000 7:00:00 AM,,14,,1,445.1155,,,,00000000,,2000-2009,2595765.49609375,7716.44593221558
12186,1981,CA,CCO,LAC, ,00000000,9/9/1981 7:00:00 AM,,14,,1,40.46295,,,,00000000,,1980-1989,239394.2890625,2715.11957012029
6172,2007,CA,CDF,MVU,RICE,00010502,10/7/2007 7:00:00 AM,11/5/2007 8:00:00 AM,9,3,1,9471.854,,,,00000000,,2000-2009,55121588.8359375,62057.8387206466
10843,1987,CA,CDF,RRU,STATE 1587,00031099,10/3/1987 7:00:00 AM,,2,,1,3276.183,,,,00001587,,1980-1989,19165430.96875,29891.5395060886
11685,1983,CA,CDF,RRU,FRESNO #3,00014298,7/13/1983 7:00:00 AM,,7,,1,1618.502,,,,00000636,,1980-1989,9525447.9765625,16637.889488343
6375,2007,CA,BLM,CDD,WRIGHT,00010034,10/6/2007 7:00:00 AM,10/6/2007 7:00:00 AM,9,1,1,31.31121,,,,00010034,,2000-2009,183203.890625,2925.46509667102
8296,2000,CA,CCO,ORC,RACETRACK,00071081,12/18/2000 8:00:00 AM,,2,,1,51.68973,,,,00000000,,2000-2009,303527.4140625,3617.29158946959
3364,2017,CA,CCO,ORC, ,17113317,10/16/2017 7:00:00 AM,10/16/2017 7:00:00 AM,14,1,1,0.07130744,,,,,,2010-2019,415.22265625,104.906264299895
3470,2016,CA,CDF,RRU,TEMECULA,067665,6/5/2016 7:00:00 AM,6/7/2016 7:00:00 AM,14,2,1,139.9618,,,{B46AE2AF-5966-4C24-A283-7268AB6D6066},,,2010-2019,815748.25,4220.77767269231
3372,2017,CA,CCO,ORC, ,17095310,8/31/2017 7:00:00 AM,8/31/2017 7:00:00 AM,14,1,1,0.02271913,,,,,,2010-2019,132.9609375,53.0695330447129
4798,2012,CA,BLM,CDD,STEELE,00008401,6/2/2012 7:00:00 AM,6/2/2012 7:00:00 AM,2,1,1,17.39638,Shooting,,,,,2010-2019,102114.66015625,1625.13452529863
7795,2002,CA,CCO,ORC,BLUE GUM,00068528,11/20/2002 8:00:00 AM,11/21/2002 8:00:00 AM,9,7,1,496.7691,,,,00068528,,2000-2009,2926238.01171875,11910.7943232957
10895,1987,CA,CDF,RRU,STATE 1458,00028365,9/9/1987 7:00:00 AM,,7,,1,773.9091,,,,00001458,,1980-1989,4544080.2421875,9393.24393440968
5917,2008,CA,BLM,CDD,LAKE,006234,6/3/2008 7:00:00 AM,6/3/2008 7:00:00 AM,14,6,1,146.2468,,,,,,2000-2009,858269.95703125,4294.36928109662
11419,1985,CA,USF,CNF,DELUZ,00000000,6/9/1985 7:00:00 AM,,9,,1,41.86123,,,,00000002,,1980-1989,243946.984375,1976.90162701827
2336,2019,CA,CCO,ORC,BLUE DIAMOND,19059616,5/29/2019 7:00:00 AM,5/29/2019 7:00:00 AM,16,1,1,2.29694,,,,,,2010-2019,13487.25,1125.7974604101
3521,2016,CA,CCO,ORC,SAN JUAN,,11/13/2016 8:00:00 AM,11/13/2016 8:00:00 AM,10,1,1,55.2786,INC #16120347,,,,,2010-2019,322540.76953125,2912.64339009464
3547,2016,CA,CDF,RRU,EVERGREEN 2,104305,8/28/2016 7:00:00 AM,8/28/2016 7:00:00 AM,7,1,1,36.15097,USFS #002618,,{7BE06584-0CC4-4485-9A95-FD7D5086F3EE},,,2010-2019,211618.1015625,3832.56836619356
3378,2017,CA,CCO,ORC, ,17123139,11/10/2017 8:00:00 AM,11/10/2017 8:00:00 AM,14,1,1,0.002960623,,,,,,2010-2019,17.33984375,16.5709603697051
2737,2018,CA,LRA,ORC,RIDGE ROUTE ,18009321,1/23/2018 8:00:00 AM,1/23/2018 8:00:00 AM,14,6,1,0.1679536,,,,,,2010-2019,982.80859375,137.626285405182
11327,1985,CA,CDF,RRU, ,00017085,7/2/1985 7:00:00 AM,,9,,1,539.6917,,,,00000000,,1980-1989,3175676.02734375,8940.50198595057
3945,2015,CA,CDF,RRU,GAVILAN,036280,3/29/2015 7:00:00 AM,3/29/2015 7:00:00 AM,10,1,1,16.00883,,,,,,2010-2019,94012.62109375,1564.14264797832
11201,1986,CA,CDF,RRU, ,00025646,9/1/1986 7:00:00 AM,,9,,1,52.67733,,,,00001368,,1980-1989,309075.87109375,2516.11236099237
3876,2015,CA,CDF,MVU,DELUZ,017255,8/9/2015 7:00:00 AM,8/10/2015 7:00:00 AM,14,1,1,56.08641,Unknown,,{0CB12EEA-B11E-4C39-8620-38422131B269},,,2010-2019,326777.265625,3803.56001243531
10537,1989,CA,CCO,LAC, ,00000000,12/2/1989 8:00:00 AM,,14,,1,3.029714,,,,00000000,,1980-1989,17873.0625,575.656053040925
5376,2010,CA,CDF,RRU,ROCK,00073623,8/19/2010 7:00:00 AM,8/20/2010 7:00:00 AM,8,1,1,38.90894,,,,,,2010-2019,227541.36328125,3378.86228667054
11891,1982,CA,USF,CNF,STEWART,00000000,8/6/1982 7:00:00 AM,,9,,1,247.2153,,,,00000007,,1980-1989,1438428.30859375,5878.46191901479
9186,1996,CA,CDF,RRU,TENAJA,00031303,6/20/1996 7:00:00 AM,,14,,1,137.7729,,,,00000000,,1990-1999,804902.09765625,4717.12082363997
5350,2010,CA,CDF,RRU,CLINTON,00077822,9/1/2010 7:00:00 AM,9/3/2010 7:00:00 AM,2,1,1,64.97097,,,,,,2010-2019,379535.921875,3919.44439931127
11178,1986,CA,CDF,RRU, ,00022409,8/2/1986 7:00:00 AM,,2,,1,95.14956,,,,00001143,,1980-1989,560001.359375,2962.36500160661
11227,1986,CA,CCO,LAC, ,00000000,8/21/1986 7:00:00 AM,,14,,1,20.8274,,,,00000000,,1980-1989,123030.61328125,1779.15835222748
11911,1982,CA,CDF,RRU, ,0013362A,7/20/1982 7:00:00 AM,,7,,1,140.3544,,,,00000698,,1980-1989,824297.84765625,4666.0247958305
2757,2018,CA,DOD,MCP,MCP BASILONE GATE,18034804,3/28/2018 7:00:00 AM,3/28/2018 7:00:00 AM,14,6,1,0.02353987,,,,,,2010-2019,137.1796875,65.1832839504032
3255,2017,CA,CCO,ORC,CARBON CANYON PARK,17117107,10/25/2017 7:00:00 AM,10/25/2017 7:00:00 AM,14,1,1,4.446725,,,,,,2010-2019,26199.51953125,793.279259176882
8900,1997,CA,CDF,RRU,STATE,00042286,8/8/1997 7:00:00 AM,,2,,1,161.0356,,,,00001231,,1990-1999,946658.015625,4498.54733613329
7191,2004,CA,CDF,RRU,LAKEVIEW,00056039,7/13/2004 7:00:00 AM,7/13/2004 7:00:00 AM,14,8,1,360.9065,,,,00001180,,2000-2009,2112611.69921875,7287.82881162897
11021,1987,CA,CCO,LAC, ,00000000,7/24/1987 7:00:00 AM,,14,,1,53.16559,,,,00000000,,1980-1989,313985.60546875,2846.78293409273
3292,2017,CA,CCO,LAC,CANYON,00197049,7/4/2017 7:00:00 AM,7/4/2017 7:00:00 AM,14,7,1,1.362349,,,{1A8A7FFA-5C95-4012-ADC5-DE22ABC41F82},,,2010-2019,8033.296875,804.378836961196
9206,1996,CA,CDF,RRU,MADERO,00036713,7/19/1996 7:00:00 AM,,2,,1,92.53697,,,,00001299,,1990-1999,539803.46484375,3403.12669898931
3647,2016,CA,LRA,RRU,CHECKPOINT,086850,7/18/2016 7:00:00 AM,7/18/2016 7:00:00 AM,14,1,1,10.14399,,,,,,2010-2019,59145.94921875,1958.6284940232
12252,1980,CA,CDF,RRU,INDIAN,00022918,11/24/1980 8:00:00 AM,,9,,1,28940.22,,,,00001803,,1980-1989,169521531.238281,102582.653985772
10580,1988,CA,CDF,RRU,STATE #2428,00044433,12/9/1988 8:00:00 AM,,2,,1,1445.945,,,,00002428,,1980-1989,8485284.39453125,13400.2252590983
1924,2020,CA,CCO,LAC,CANYON,00377420,12/13/2020 8:00:00 AM,12/13/2020 8:00:00 AM,11,1,1,7.26888,,,{8DACD89E-4CEF-4A44-AF69-675C220A78DD},,,2020-January 2025,42854.96484375,1243.21599332351
9441,1995,CA,CCO,LAC,PUENTE HILLS,00000000,8/27/1995 7:00:00 AM,,14,,1,106.6294,,,,00000000,,1990-1999,629786.12109375,3804.58144891456
11705,1983,CA,CDF,RRU,FRESNO #2,00014210,7/12/1983 7:00:00 AM,,7,,1,641.6544,,,,00000626,,1980-1989,3776576.2109375,8263.94586649376
11834,1982,CA,CCO,ORC,GYPSUM,00000000,10/9/1982 7:00:00 AM,,9,,1,20142.33,,,,00000000,,1980-1989,118408916.542969,76510.0044657699
12166,1981,CA,CCO,LAC,VOORHIS,00728545,7/6/1981 7:00:00 AM,,14,,1,68.97507,,,,00000681,,1980-1989,408015.22265625,7216.21495894248
7566,2003,CA,CDF,RRU,MINE,00051300,7/5/2003 7:00:00 AM,7/5/2003 7:00:00 AM,9,8,1,114.6291,,,,00001626,,2000-2009,673108.1484375,4512.1447646571
12120,1981,CA,CCO,LAC,SUN MOUNTAIN RANCH,00921457,7/30/1981 7:00:00 AM,,14,,1,197.1774,,,,00007781,,1980-1989,1163020.48828125,4971.39338582357
2465,2018,CA,CDF,RRU,EUCLID,00074609,6/13/2018 7:00:00 AM,6/23/2018 7:00:00 AM,14,1,1,156.3773,,,{DC1EEED4-464B-4580-BC40-CB01465AC09B},,,2010-2019,921320.57421875,8280.47114931536
6215,2007,CA,CDF,RRU,MOCKINGBIRD,00001600,10/5/2007 7:00:00 AM,10/5/2007 7:00:00 AM,14,7,1,737.2715,,,,00000000,,2000-2009,4336259.72265625,10390.0964118171
6192,2007,CA,CCO,ORC,241 INCIDENT,00000000,3/11/2007 8:00:00 AM,3/13/2007 7:00:00 AM,7,7,1,1618.079,,,,07016557,,2000-2009,9513116.328125,21286.3120068215
1114,2022,CA,CDF,RRU,ROBERT,00098701,7/9/2022 7:00:00 AM,7/9/2022 7:00:00 AM,14,1,1,2.653836,,,{6BE76D21-36D6-4948-A7ED-1262194E56C8},,,2020-January 2025,15561.51953125,681.397154695023
4766,2012,CA,BLM,CDD,CHRISTMAS,00013899,9/29/2012 7:00:00 AM,9/29/2012 7:00:00 AM,9,1,1,27.12194,Shooting CALFIRE inc# 96759,,,,,2010-2019,159173.828125,2266.11170420475
3507,2016,CA,CCO,ORC,SAN JUAN,,6/15/2016 7:00:00 AM,6/16/2016 7:00:00 AM,14,1,1,70.31184,Inc #1662620,,,,,2010-2019,410542.44921875,4208.05839501136
1609,2020,CA,DOD,MCP,INDIA,00001474,6/9/2020 7:00:00 AM,6/14/2020 7:00:00 AM,9,8,1,959.2821,,,{D65F0439-388F-4168-AACA-A4F2836639A7},,,2020-January 2025,5579077.5,15945.7034434688
1563,2020,CA,CDF,ORC,SILVERADO,20121364,10/26/2020 7:00:00 AM,11/2/2020 8:00:00 AM,14,7,1,12469.21,,,{BDE833A4-B278-4418-8526-67F2BFC7D7CD},,,2020-January 2025,73125983.4492188,65362.593574509
6432,2007,CA,CCO,ORC,,00000000,1/7/2007 8:00:00 AM,1/7/2007 8:00:00 AM,8,8,1,14.80336,,,,00000000,,2000-2009,86536.70703125,2006.33419583154
5591,2009,CA,CDF,RRU,GRANDE IC,018891,3/2/2009 8:00:00 AM,3/3/2009 8:00:00 AM,5,8,1,67.66906,,,,,,2000-2009,394697.8515625,2412.95837096221
11293,1985,CA,USF,CNF,THOMAS,00000000,10/4/1985 7:00:00 AM,10/7/1985 7:00:00 AM,9,8,1,1181.976,,,,00000082,,1980-1989,6883130.53125,15031.5968166689
10606,1988,CA,CDF,RRU,ROSA,00032082,9/5/1988 7:00:00 AM,,4,,1,631.5698,,,,00001825,,1980-1989,3696937.8203125,9500.57249971044
12020,1981,CA,CDF,RRU,DEXTER,00016198,8/21/1981 7:00:00 AM,,14,,1,1349.676,,,,00001109,,1980-1989,7910611.09375,15101.1369642382
4655,2012,CA,CDF,RRU,VOLCANO,00075254,8/1/2012 7:00:00 AM,8/5/2012 7:00:00 AM,2,2,1,309.349,,,,,,2010-2019,1806777.94921875,8152.92552598112
8339,2000,CA,USF,CNF,WHITING,00000999,6/19/2000 7:00:00 AM,6/19/2000 7:00:00 AM,7,8,1,11.41293,,,,00000029,,2000-2009,66886.67578125,1098.50855552259
11333,1985,CA,CDF,RRU,GAVALIN,00017063,7/2/1985 7:00:00 AM,,2,,1,463.5242,,,,00000790,,1980-1989,2722009.24609375,7450.56984214158
3269,2017,CA,CCO,LAC,PALMS,00227042,7/31/2017 7:00:00 AM,7/31/2017 7:00:00 AM,14,7,1,2.911873,,,{1D919F81-BE62-4695-B5A3-57744AF5D91A},,,2010-2019,17195.82421875,667.983315539701
3321,2017,CA,CCO,LAC,HACIENDA,00338819,11/12/2017 8:00:00 AM,11/12/2017 8:00:00 AM,14,1,1,0.247208,,,{B9E9849E-395E-4B50-835F-2E2FEC40F6DC},,,2010-2019,1458.421875,212.624414426701
9813,1993,CA,CDF,RRU,DELUZ,00044770,9/27/1993 7:00:00 AM,,2,,1,216.1136,,,,00001520,,1990-1999,1261506.48046875,5792.52335414321
5190,2011,CA,CCO,ORC,ROSE,11073158,11/2/2011 7:00:00 AM,11/2/2011 7:00:00 AM,11,1,1,15.49225,,,,,,2010-2019,91276.53515625,1606.17536123904
1174,2021,CA,USF,CNF,CHAPARRAL,00002791,8/28/2021 7:00:00 AM,9/9/2021 7:00:00 AM,9,3,1,1427.293,,,{4AD24859-CB08-47E7-86EC-A4CF71191E75},,,2020-January 2025,8326812.98046875,18836.2412756502
3189,2017,CA,CDF,RRU,JAMESON,00001090,4/30/2017 7:00:00 AM,5/1/2017 7:00:00 AM,9,1,1,11.77292,actual cost unknown.Generic job code P5EN0B assig*,,,,,2010-2019,69146.4453125,1663.79964887354
9687,1994,CA,CCO,LAC,DANCY,00000000,8/2/1994 7:00:00 AM,,14,,1,22.32117,,,,00000000,,1990-1999,131656.203125,1620.11638415238
2027,2020,CA,CCO,ORC,HIGHLAND,20103543,9/12/2020 7:00:00 AM,9/12/2020 7:00:00 AM,14,1,1,1.15439,,,{FCCB3220-640D-452B-801A-EBF81814DE0C},,,2020-January 2025,6740.51171875,422.235614514754
10042,1992,CA,CCO,LAC,WORKMAN,00000000,8/3/1992 7:00:00 AM,,14,,1,43.95281,,,,00000000,,1990-1999,259605.95703125,2907.31780140552
8811,1997,CA,CCO,ORC,BAKER,00052502,10/13/1997 7:00:00 AM,,14,,1,6319.715,,,,00000000,,1990-1999,37107165.8515625,44576.3401609425
868,2022,CA,USF,CNF,JIM,00000406,3/2/2022 8:00:00 AM,3/27/2022 7:00:00 AM,14,7,1,552.538,,,{D532043A-0EC6-4DD5-A7CB-805CDA111B1D},,,2020-January 2025,3239249.24609375,9079.28066547885
2007,2020,CA,CCO,ORC,LIVE OAK,20094983,8/22/2020 7:00:00 AM,8/22/2020 7:00:00 AM,10,1,1,1.669692,,,{0E71D8C2-7089-4385-B68D-9B73AB2F0679},,,2020-January 2025,9782.4921875,639.086899696795
11914,1982,CA,CDF,MVU,BIG,00000000,9/7/1982 7:00:00 AM,,14,,1,131.0333,,,,000073.2,,1980-1989,763724.96875,3928.15791581421
10657,1988,CA,CDF,MVU,GAVILAN,00000730,3/31/1988 8:00:00 AM,,4,,1,249.1475,,,,00000132,,1980-1989,1451318.390625,5173.31800399578
2001,2020,CA,CCO,ORC,WINDY RIDGE,20086007,7/31/2020 7:00:00 AM,7/31/2020 7:00:00 AM,14,1,1,1.742764,,,{FD85050D-B6AA-4FFD-9711-1FC0C6A28453},,,2020-January 2025,10249.51171875,605.626977242283
5273,2010,CA,CDF,RRU,MCKINLEY,00044545,5/20/2010 7:00:00 AM,5/22/2010 7:00:00 AM,2,1,1,1028.212,,,,,,2010-2019,6049431.8046875,17465.8308429354
11865,1982,CA,CDF,RRU,FOX,00014850,9/9/1982 7:00:00 AM,,7,,1,573.4763,,,,00000839,,1980-1989,3369254.6875,9841.20589186755
4071,2014,CA,DOD,MCP,TOMAHAWK,001554,5/19/2014 7:00:00 AM,,14,8,1,5365.311,,BASILONE COMPLEX,{aa4c08f7-290b-4eed-afa1-047093076a06},,{7158740F-470E-4D45-B4F7-679A9FF0EB16},2010-2019,31204574.84375,41742.2643246505
702,2023,CA,BLM,CDD,MEADOW,00142970,9/26/2023 7:00:00 AM,9/27/2023 7:00:00 AM,14,1,1,22.08992,Edited in InFORM Inspector,,{5109D8AE-0BF7-47A2-8468-138763D36D1C},,,2020-January 2025,129652.171875,1774.83132783658
1180,2021,CA,DOD,MCP,SIERRA,00001478,6/9/2021 7:00:00 AM,6/11/2021 7:00:00 AM,14,7,1,968.2691,Fire is located on Camp Pendleton Military Base.,,{3C190854-1E3D-4D2A-9CA7-85CBD03DF944},,,2020-January 2025,5627170.53125,17180.7201765225
1915,2020,CA,CCO,ORC,NICHOLS,20077201,7/9/2020 7:00:00 AM,7/10/2020 7:00:00 AM,3,1,1,8.119417,,,{893DA0A7-61B2-46A9-ACC6-E4D521C2FF5C},,,2020-January 2025,47444.4921875,1127.39456156367
6398,2007,CA,CCO,ORC,CROWN VALLEY,00000000,7/13/2007 7:00:00 AM,,8,,1,22.87267,,,,07045332,,2000-2009,133680.41796875,2268.15087834253
8519,1999,CA,CDF,RRU,STATE,00015717,3/14/1999 8:00:00 AM,,7,,1,126.5615,,,,00000392,,1990-1999,740841.85546875,3666.46966157531
6847,2005,CA,CCO,ORC,YORBA LINDA,00041267,7/5/2005 7:00:00 AM,7/8/2005 7:00:00 AM,8,1,1,1078.504,,,,00041267,,2000-2009,6354590.140625,18434.9199353315
11224,1986,CA,CCO,LAC, ,00000000,7/19/1986 7:00:00 AM,,14,,1,22.69051,,,,00000000,,1980-1989,134013.0859375,1575.05959608414
8568,1999,CA,CDF,MVU,STEWARD (MAIN),00004400,7/4/1999 7:00:00 AM,,11,,1,33.43526,,,,00000000,,1990-1999,194507.08984375,2077.93750758231
1878,2020,CA,CDF,CNF,SOUTH MAIN,00000562,3/6/2020 8:00:00 AM,,18,6,1,13.00808,,,{AB786D72-3C5C-4DC4-B8A8-6A39ED57B2A2},,,2020-January 2025,76111.765625,1663.42206613662
12300,1980,CA,CDF,RRU,PIERCE,00013103,7/9/1980 7:00:00 AM,,14,,1,985.2791,,,,00000786,,1980-1989,5799476.859375,13023.4334162512
6298,2007,CA,CCO,LAC,SKYLINE,00183643,8/21/2007 7:00:00 AM,8/23/2007 7:00:00 AM,14,8,1,95.41856,,,,00183643,,2000-2009,563161.4453125,4332.95259919261
9344,1995,CA,CDF,RRU,NICHOLS,00031598,7/2/1995 7:00:00 AM,,10,,1,1264.274,,,,00000859,,1990-1999,7414956.71875,13419.6269677091
1756,2020,CA,CDF,MVU,VOLCANO,00012575,8/20/2020 7:00:00 AM,8/22/2020 7:00:00 AM,9,1,1,46.38861,,,{90B21D1F-DC1E-474A-B9BB-70CA2FAFEAEF},,,2020-January 2025,270454.58203125,2163.21152725135
144,2024,CA,CDF,RRU,MACY,00113145,7/25/2024 7:00:00 AM,7/28/2024 7:00:00 AM,14,8,1,134.3121,,,{D3B7F9F0-E8E8-4FAF-BBBA-059C6662925C},,,2020-January 2025,786488.11328125,5356.68879429085
10200,1990,CA,USF,CNF,BEDFORD,00000000,6/24/1990 7:00:00 AM,7/12/1990 7:00:00 AM,9,8,1,3990.913,,,,00000009,,1990-1999,23446542.7109375,42078.4493334747
10532,1989,CA,CCO,LAC, ,00000000,12/22/1989 8:00:00 AM,,14,,1,3.698716,,,,00000000,,1980-1989,21822.8125,630.759265859679
2466,2018,CA,CCO,ORC,SANTIAGO,18064103,6/11/2018 7:00:00 AM,6/14/2018 7:00:00 AM,14,1,1,154.9657,,,{657E88AB-F66B-407D-8B9D-8123020D1862},,,2010-2019,909667.91015625,6139.69451742859
6164,2007,CA,CDF,ORC,SANTIAGO,00000085,10/21/2007 7:00:00 AM,11/8/2007 8:00:00 AM,9,3,1,28429.98,,,,00000085,,2000-2009,166734464.875,104267.08198314
7615,2003,CA,BLM,CDD,MAYWOOD,00000000,5/28/2003 7:00:00 AM,5/29/2003 7:00:00 AM,2,8,1,50.86303,,,,0000D980,,2000-2009,298712.03515625,2662.20785028257
9728,1994,CA,CCO,LAC,SKYLINE,00000000,6/16/1994 7:00:00 AM,,14,,1,2.181127,,,,00000000,,1990-1999,12866.6328125,411.224530772439
8889,1997,CA,CCO,ORC,COTO,00026962,5/29/1997 7:00:00 AM,,8,,1,197.5885,,,,00000000,,1990-1999,1155892.6328125,5134.919460089
8966,1997,CA,CCO,LAC,FREEWAY II,00001038,7/6/1997 7:00:00 AM,,14,,1,20.04352,,,,00022000,,1990-1999,118505.921875,1587.23335901586
382,2024,CA,CDF,MVU,TRAIL 4,00017850,7/28/2024 7:00:00 AM,7/28/2024 7:00:00 AM,14,7,1,11.65821,,,{5116F1C2-82CE-4C87-9802-FCFC3CB24257},,,2020-January 2025,67901.6171875,1209.60651039025
113,2024,CA,BLM,CDD,POST,00136291,9/4/2024 7:00:00 AM,9/6/2024 7:00:00 AM,14,7,1,264.2433,Fire reported as RV fire into veg; outbuildings and makeshift power sources and solar panels.,,{B538CBA9-C7CA-4A22-B19B-902FC4313B5A},,,2020-January 2025,1551340.31640625,9355.09960689183
5377,2010,CA,USF,CNF,LONG,002974,9/23/2010 7:00:00 AM,9/23/2010 7:00:00 AM,2,8,1,38.37838,,,,22,,2010-2019,224681.64453125,2863.13101062573
1750,2020,CA,CDF,RRU,SKYLINE,00102838,8/3/2020 7:00:00 AM,8/16/2020 7:00:00 AM,14,1,1,47.93214,,,{CF54F76E-252D-4B33-B3A6-DC2B53123BF9},,,2020-January 2025,281870.625,3076.1779509646
4063,2014,CA,DOD,MCP,PULGAS,001352,5/19/2014 7:00:00 AM,,14,8,1,15186.14,,BASILONE COMPLEX,{9abf6114-a2de-4a5b-873f-22dabd5595a5},,{7158740F-470E-4D45-B4F7-679A9FF0EB16},2010-2019,88248215.7851563,68247.4762551102
67,2024,CA,USF,MVU,ROBLAR,00003203,9/7/2024 7:00:00 AM,9/12/2024 7:00:00 AM,13,8,1,856.1542,Admin Unit Camp Pendleton Fire Department,,{4364FBC5-CB9D-46F1-AA0A-EDF112A5BA1E},,,2020-January 2025,4985068.19140625,17100.1470355444
7300,2004,CA,CCO,ORC,ORTEGA,04037042,6/20/2004 7:00:00 AM,6/23/2004 7:00:00 AM,10,8,1,34.12667,,,,04037042,,2000-2009,199340.94140625,2406.71767657665
3376,2017,CA,CCO,ORC,GEORGIA SUE,17073338,7/5/2017 7:00:00 AM,7/5/2017 7:00:00 AM,14,1,1,0.006446013,,,,,,2010-2019,37.703125,24.9013738120348
5036,2011,CA,CDF,RRU,GARZA,00077036,8/22/2011 7:00:00 AM,8/23/2011 7:00:00 AM,2,1,1,167.3494,brush,,,,,2010-2019,983418.23046875,5911.42678300816
6519,2006,CA,USF,CNF,SIERRA,00000300,2/6/2006 8:00:00 AM,2/22/2006 8:00:00 AM,18,7,1,10591.98,,,,00000008,,2000-2009,62270766.3984375,38913.9925556989
2683,2018,CA,CCO,ORC,LIVE OAK,18064947,6/13/2018 7:00:00 AM,6/13/2018 7:00:00 AM,14,1,1,1.712397,,,,,,2010-2019,10029.98046875,641.953881217578
7947,2002,CA,CCO,ORC,BREA,00000000,5/23/2002 7:00:00 AM,,14,,1,15.35215,,,,00000000,,2000-2009,90498.46875,1232.99953293189
12121,1981,CA,CCO,LAC, ,00000000,6/15/1981 7:00:00 AM,,14,,1,193.5671,,,,00000000,,1980-1989,1142438.81640625,4426.52308598147
10154,1991,CA,CCO,LAC, ,00000000,8/31/1991 7:00:00 AM,,14,,1,50.86356,,,,00000000,,1990-1999,300162.96484375,3480.04929006275
2337,2019,CA,CCO,ORC,WILLIAMS,19127578,11/3/2019 7:00:00 AM,11/4/2019 8:00:00 AM,14,1,1,2.147755,,,{AB96D7ED-AC48-41F0-89D5-EA7B4B60CF1F},,,2010-2019,12599.703125,511.713754339434
2763,2018,CA,LRA,ORC,LA RAMBLA,18020054,2/19/2018 8:00:00 AM,2/19/2018 8:00:00 AM,14,6,1,0.007379493,,,,,,2010-2019,42.98046875,26.7981731447497
4209,2014,CA,CDF,RRU,GILLETTE,062708,6/15/2014 7:00:00 AM,6/15/2014 7:00:00 AM,14,1,1,10.03415,,,,,,2010-2019,58739.2890625,1067.37531917461
11703,1983,CA,CDF,MVU,ASSIST #28,00000000,8/14/1983 7:00:00 AM,,14,,1,679.8206,,,,000095.1,,1980-1989,3952239.15234375,8914.25653960689
9570,1994,CA,CCO,ORC,RIDGE LINE,00000000,6/24/1994 7:00:00 AM,,14,,1,706.4011,,,,00000000,,1990-1999,4126083.2734375,11873.8175020123
8906,1997,CA,CCO,LAC,BONELLI,00001016,7/3/1997 7:00:00 AM,,14,,1,130.3404,,,,00030000,,1990-1999,770879.41796875,4750.61533693599
12058,1981,CA,CDF,RRU,DAWSON #2,00012308,6/28/1981 7:00:00 AM,,14,,1,556.1682,,,,00000747,,1980-1989,3267533.7421875,8996.09800135053
12464,1980,CA,USF,CNF,CASE #2,00000000,10/21/1980 7:00:00 AM,10/21/1980 7:00:00 AM,9,8,1,85.87865,,,,00000072,,1980-1989,500491.0234375,2950.35312892899
1816,2020,CA,CCO,ORC,PARK,20075598,7/5/2020 7:00:00 AM,7/7/2020 7:00:00 AM,14,1,1,24.09784,,,{07AA478B-F871-43AD-9C1C-301A37AEF1F1},,,2020-January 2025,141579.51171875,2020.07946635197
10592,1988,CA,CDF,RRU,CORONA STATE #983,00019372,6/2/1988 7:00:00 AM,,2,,1,912.6426,,,,00000983,,1980-1989,5356853.6953125,12756.4539235285
4658,2012,CA,CDF,RRU,LAKEPOINTE,00052340,5/27/2012 7:00:00 AM,5/28/2012 7:00:00 AM,14,1,1,256.1035,,,,,,2010-2019,1506927.32421875,6421.05798612838
3825,2015,CA,CCO,ORC,,,7/13/2015 7:00:00 AM,7/14/2015 7:00:00 AM,2,7,1,213.5105,NB 241@SANTIAGO CANYON RD NEAR NB 133/HICKS HAUL RD ,,,15069367,,2010-2019,1253606.3984375,8216.99821494859
2743,2018,CA,CCO,LAC,VANTAGE,00273301,9/8/2018 7:00:00 AM,9/8/2018 7:00:00 AM,3,1,1,0.1195796,,,{DB03F436-2BC1-485B-8F71-77FB212497EE},,,2010-2019,705.2578125,105.789006114859
8508,1999,CA,CDF,RRU,CAJALCO,00038407,6/29/1999 7:00:00 AM,,9,,1,166.2353,,,,00000945,,1990-1999,977222.98828125,4292.42820957018
4192,2014,CA,CDF,RRU,SANTA,058492,6/4/2014 7:00:00 AM,6/5/2014 7:00:00 AM,10,1,1,13.35748,,,,,,2010-2019,77941.4453125,1679.50376386696
10715,1988,CA,USF,CNF,OUTSIDE ORIGIN #8,00000000,7/6/1988 7:00:00 AM,,9,,1,83.90405,,,,00000007,,1980-1989,488648.97265625,2874.36712656634
5554,2009,CA,CCO,ORC,ORTEGA,,11/16/2009 8:00:00 AM,11/17/2009 8:00:00 AM,2,1,1,141.9777,,,,00007473,,2000-2009,828778.52734375,4425.90302171905
2059,2019,CA,CDF,RRU,TENAJA,00113828,9/4/2019 7:00:00 AM,9/14/2019 7:00:00 AM,1,1,1,1939.536,,,{12D435C8-627E-438F-994A-1105E5DBB56F},,,2010-2019,11329899.3710938,21954.6475851796
11909,1982,CA,CDF,RRU, ,00000000,7/21/1982 7:00:00 AM,,3,,1,150.3973,,,,00000000,,1980-1989,884322.17578125,4607.39025933552
11368,1985,CA,CCO,LAC,BONELLI,00721413,8/25/1985 7:00:00 AM,,14,,1,169.0419,,,,00006585,,1980-1989,999505.26953125,6051.64323057152
3347,2017,CA,CCO,ORC,TESORO SCHOOL,17083622,7/31/2017 7:00:00 AM,8/1/2017 7:00:00 AM,14,1,1,0.0795795,,,,,,2010-2019,465.2265625,122.291416544314
9839,1993,CA,CDF,RRU,METROPOLITAN 2,00005274,11/16/1993 8:00:00 AM,,14,,1,84.15287,,,,00000000,,1990-1999,494960.22265625,12268.8522965494
9490,1995,CA,CCO,LAC,POMONA,00000000,8/30/1995 7:00:00 AM,,14,,1,22.41179,,,,00000000,,1990-1999,132459.73046875,1529.086408099
8557,1999,CA,CDF,RRU,LINDELL,00061927,10/26/1999 7:00:00 AM,,9,,1,48.61747,,,,00001646,,1990-1999,285443.58203125,2405.99843488222
7186,2004,CA,CDF,RRU,GAFFORD,00035197,5/2/2004 7:00:00 AM,5/3/2004 7:00:00 AM,14,8,1,406.0063,,,,00000667,,2000-2009,2377149.1875,8052.21693446818
6261,2007,CA,CDF,BDU,RED STAR,00000287,1/7/2007 8:00:00 AM,1/7/2007 8:00:00 AM,14,1,1,208.7144,CAL FIRE Wildland Contract area.,,,00000000,,2000-2009,1230094.66015625,9567.92985775166
5906,2008,CA,USF,CNF,YANKEE,00000024,7/2/2008 7:00:00 AM,7/2/2008 7:00:00 AM,9,8,1,176.9437,,,,00000024,,2000-2009,1031921.1640625,5062.55548513614
3582,2016,CA,DOD,MCP,SAN MATEO CAMPGROUND,,6/18/2016 7:00:00 AM,6/18/2016 7:00:00 AM,16,1,1,22.8214,Military drone Camp Pendelton 1663768,,,,,2010-2019,133053.87890625,1574.84759078013
5574,2009,CA,CDF,RRU,DE LUZ,057923,7/2/2009 7:00:00 AM,7/3/2009 7:00:00 AM,14,8,1,93.47726,,,,,,2000-2009,545494.6640625,3220.43875657103
7827,2002,CA,USF,CNF,INDIAN,00000000,3/31/2002 8:00:00 AM,3/31/2002 8:00:00 AM,9,6,1,193.1655,,,,00000016,,2000-2009,1133299.515625,4262.96456087276
6167,2007,CA,DOD,MCP,AMMO,00000000,10/23/2007 7:00:00 AM,11/1/2007 7:00:00 AM,14,8,1,21493.91,,,,00001111,,2000-2009,124975228.769531,67026.0386903211
5689,2009,CA,CCO,ORC,SAN JUAN,000052,8/13/2009 7:00:00 AM,8/13/2009 7:00:00 AM,9,5,1,7.666875,,,,000052,,2000-2009,44780.3984375,919.14201203815
5666,2009,CA,USF,CNF,ORTEGA 3,000062,9/4/2009 7:00:00 AM,9/4/2009 7:00:00 AM,9,5,1,16.4927,,,,000062,,2000-2009,96442.61328125,1673.93641346664
5125,2011,CA,BLM,CDD,STEELE,00049072,5/29/2011 7:00:00 AM,5/29/2011 7:00:00 AM,14,8,1,33.41822,Named 'Steele 2' in FireCode,,,,,2010-2019,196160.7109375,2142.53240228234
4315,2013,CA,DOD,MCP,DELUZ,,10/5/2013 7:00:00 AM,10/14/2013 7:00:00 AM,14,8,1,2229.46,data from inciweb & unit electrical start,,,,,2010-2019,12969068.7460938,23821.65945147
9038,1996,CA,CDF,RRU,PECHANGA,00032892,6/29/1996 7:00:00 AM,,14,,1,1911.772,,,,00001093,,1990-1999,11147118.3007813,19276.0103797706
3018,2017,CA,USF,CNF,CANYON,00002924,8/27/2017 7:00:00 AM,8/31/2017 7:00:00 AM,9,1,1,46.90482,"Job Code = P5LAW0, must check with ASC for accura*",,{CD03CEDA-D9A2-4F4A-9BD5-8FF3C00CAE78},,,2010-2019,274596.2421875,3393.3370092129
1939,2020,CA,CCO,LAC,COLIMA,00169545,6/9/2020 7:00:00 AM,6/9/2020 7:00:00 AM,14,1,1,6.245241,,,{7B194478-4A28-41AC-B070-1F1C53B8A705},,,2020-January 2025,36841.3125,913.027198090041
7750,2002,CA,CDF,MVU,GAVILAN,00001024,2/10/2002 8:00:00 AM,2/13/2002 8:00:00 AM,5,2,1,5663.117,,,,00000116,,2000-2009,32965349.21875,50998.7746187458
3373,2017,CA,CCO,ORC,CROSS CREEK,17101390,9/15/2017 7:00:00 AM,9/15/2017 7:00:00 AM,14,4,1,0.02014686,,,,,,2010-2019,118.58203125,42.7532645759039
11886,1982,CA,CDF,RRU, ,00000000,7/9/1982 7:00:00 AM,,2,,1,267.5365,,,,00000000,,1980-1989,1570504.64453125,4878.31536199284
11972,1982,CA,CCO,LAC, ,00000000,7/21/1982 7:00:00 AM,,14,,1,3.422228,,,,00000000,,1980-1989,20231.27734375,515.314356230591
2331,2019,CA,CCO,ORC,BELLA COLLINA GOLF COURSE SCL ,19085271,7/31/2019 7:00:00 AM,7/31/2019 7:00:00 AM,14,1,1,3.76396,,,,,,2010-2019,21940.62109375,739.658615644226
1999,2020,CA,CCO,LAC,GROVE,00242462,8/14/2020 7:00:00 AM,8/14/2020 7:00:00 AM,14,1,1,1.798941,,,{C06BCE1D-A963-4B0F-93CC-6FE133A79F64},,,2020-January 2025,10619.9140625,613.530621499692
5434,2010,CA,USF,CNF,TENAJA2,1612,6/7/2010 7:00:00 AM,6/7/2010 7:00:00 AM,9,8,1,10.64954,,,,12,,2010-2019,62155.37890625,1126.72892955519
1106,2022,CA,CCO,LAC,SYCAMORE,00051618,2/10/2022 8:00:00 AM,2/11/2022 8:00:00 AM,14,7,1,3.735543,,,{77FBE31A-636F-44C0-ABE7-611D1C06F214},,,2020-January 2025,22052.17578125,1130.49981314723
9811,1993,CA,CDF,RRU,SILVER,00058976,11/23/1993 8:00:00 AM,,7,,1,217.3812,,,,00002070,,1990-1999,1277979.2109375,4688.68561753125
5729,2008,CA,CCO,RRU,FREEWAY,099962,11/15/2008 8:00:00 AM,11/18/2008 8:00:00 AM,10,8,1,30305.23,,,,075221,,2000-2009,178551868.886719,109754.874212397
3319,2017,CA,CCO,ORC, ,17110695,10/9/2017 7:00:00 AM,10/9/2017 7:00:00 AM,14,1,1,0.258453,,,,,,2010-2019,1509.265625,169.942283340797
7057,2005,CA,CDF,RRU,KNOLL,00033134,4/20/2005 7:00:00 AM,4/20/2005 7:00:00 AM,2,6,1,19.57455,,,,00000532,,2000-2009,115203.35546875,1441.89353749122
10944,1987,CA,CDF,RRU, ,00025911,8/20/1987 7:00:00 AM,,8,,1,258.5036,,,,00001275,,1980-1989,1512628.359375,5709.05762428695
3075,2017,CA,CCO,ORC,LAMBERT ,17113979,10/18/2017 7:00:00 AM,10/18/2017 7:00:00 AM,14,1,1,28.24179,,,,,,2010-2019,166515.1875,3076.05486505449
1452,2021,CA,CCO,ORC,CECIL,21083826,7/15/2021 7:00:00 AM,7/15/2021 7:00:00 AM,10,1,1,6.260819,,,{5E2A5AFE-44CD-405F-BB94-E42E4799524C},,,2020-January 2025,36566.9140625,971.190459690897
2858,2017,CA,DOD,MCP,CRISTIANITOS,01702047,6/28/2017 7:00:00 AM,6/30/2017 7:00:00 AM,9,5,1,702.3066,started by RC bicycle,,,,,2010-2019,4091712.1640625,17412.8486395927
9736,1993,CA,CCO,ORC,ORTEGA,00036746,10/27/1993 7:00:00 AM,11/3/1993 8:00:00 AM,9,8,1,21011.92,,,,00000062,,1990-1999,122828216.445313,61467.1496358734
8740,1998,CA,CDF,RRU,LEWIN,00047490,8/25/1998 7:00:00 AM,,2,,1,109.4812,,,,00001257,,1990-1999,642928.87109375,3570.86484410834
11869,1982,CA,CDF,RRU,RAIL,00016621,9/3/1982 7:00:00 AM,,14,,1,475.955,,,,00012401,,1980-1989,2787464.09375,7887.40846960957
2148,2019,CA,CDF,RRU,TORO,00099849,8/5/2019 7:00:00 AM,8/6/2019 7:00:00 AM,14,1,1,88.16512,,,{C144C308-2C9E-4F3C-871F-52D014FB3304},,,2010-2019,517264.69140625,3404.52470356211
7386,2004,CA,CCO,ORC,ANTONIO,00046850,8/4/2004 7:00:00 AM,8/4/2004 7:00:00 AM,7,8,1,2.498186,,,,00046850,,2000-2009,14604.23828125,786.473431201042
11726,1983,CA,CDF,RRU,GOETZ SERIES,0014991A,7/21/1983 7:00:00 AM,,7,,1,331.7416,,,,00000725,,1980-1989,1944887.640625,12202.4033683955
4089,2014,CA,USF,CNF,SILVERADO,002873,9/12/2014 7:00:00 AM,9/21/2014 7:00:00 AM,9,3,1,959.0129,<Null>,,{AD122498-E931-45A2-968C-6334D87DCA03},,,2010-2019,5628922.5703125,12922.6680092338
7764,2002,CA,USF,CNF,MATEO,00000000,5/13/2002 7:00:00 AM,5/14/2002 7:00:00 AM,9,2,1,1882.25,,,,00000027,,2000-2009,10971478.0742188,14608.3723956852
9187,1996,CA,CDF,RRU,WALKER,00043394,8/24/1996 7:00:00 AM,,7,,1,137.0413,,,,00001618,,1990-1999,803928.71875,3823.33389398381
9922,1992,CA,CDF,MVU,BRAVO,00000000,11/6/1992 8:00:00 AM,,14,,1,2023.847,,,,000022.0,,1990-1999,11775524.4140625,20074.0428351682
2766,2018,CA,LRA,ORC,SOUTH HAMPTON CT ,18034763,3/27/2018 7:00:00 AM,3/27/2018 7:00:00 AM,14,6,1,0.004819541,,,,,,2010-2019,28.1796875,20.9136783373249
3330,2017,CA,CCO,ORC,ROSE,17073018,7/4/2017 7:00:00 AM,7/4/2017 7:00:00 AM,9,1,1,0.1795835,,,,,,2010-2019,1051.9765625,133.841098022978
11986,1981,CA,CDF,RRU,DAWSON,00011355,6/17/1981 7:00:00 AM,,9,,1,7999.504,,,,00000635,,1980-1989,46961398.2695313,31671.5524433675
3307,2017,CA,CCO,ORC,IRVINE PARK,17055313,5/20/2017 7:00:00 AM,5/20/2017 7:00:00 AM,14,1,1,0.4889542,,,,,,2010-2019,2872.50390625,313.624148299428
9138,1996,CA,CDF,RRU,IDA,00000498,1/3/1996 8:00:00 AM,,2,,1,358.7567,,,,00000021,,1990-1999,2107750.3125,5951.43042234394
2852,2017,CA,USF,CNF,WILDOMAR,00003839,10/26/2017 7:00:00 AM,11/8/2017 8:00:00 AM,10,1,1,866.273,CALFIRE inc#132200 ohv crash,,{C883C263-82A7-4E09-80EA-7EF44D33F4E1},,,2010-2019,5065374.3125,13400.2246972955
7572,2003,CA,CDF,RRU,HOLLAND,00075444,9/30/2003 7:00:00 AM,9/30/2003 7:00:00 AM,7,8,1,106.8073,,,,00001760,,2000-2009,625733.0234375,3140.71924072248
2746,2018,CA,CCO,ORC,B2 - YORBA,18101904,9/15/2018 7:00:00 AM,9/15/2018 7:00:00 AM,14,1,1,0.09713092,,,,,,2010-2019,572.40234375,145.548748333332
11308,1985,CA,CDF,MVU,ASSIST #38,00002315,10/5/1985 7:00:00 AM,,14,,1,965.6743,,,,00000742,,1980-1989,5623502.03125,13208.1975120625
2909,2017,CA,CDF,RRU,ROSE,00094091,7/31/2017 7:00:00 AM,8/3/2017 7:00:00 AM,2,1,1,188.1239,Fed Inc # 00002511,,{C1D5E1F2-2007-4B17-8433-486FAB004B64},,,2010-2019,1102129.76953125,6960.82257532834
1913,2020,CA,CCO,LAC,PALM,00275442,9/11/2020 7:00:00 AM,9/11/2020 7:00:00 AM,14,1,1,8.40679,,,{0738318A-2C3A-4AA6-9ED3-53E6964BE171},,,2020-January 2025,49643.26953125,935.250203511598
5663,2009,CA,BLM,CDD,WRANGLER,009860,7/17/2009 7:00:00 AM,7/19/2009 7:00:00 AM,14,1,1,17.05299,,,,,,2000-2009,99980.0390625,1562.69687332507
7335,2004,CA,USF,CNF,GREEN,00000000,7/24/2004 7:00:00 AM,7/24/2004 7:00:00 AM,2,6,1,16.06479,,,,00000054,,2000-2009,94541.46875,1420.71548057885
10824,1987,CA,USF,CNF,SILVERADO,00000000,9/9/1987 7:00:00 AM,9/13/1987 7:00:00 AM,7,8,1,7693.384,,,,00000100,,1980-1989,45151599.0195313,34600.7576484343
5065,2011,CA,USF,CNF,TRILOGY,00050316,6/2/2011 7:00:00 AM,6/6/2011 7:00:00 AM,9,1,1,102.8208,orgin behnd Anderson Cyn btwn orchards & bee hive,,,,,2010-2019,603478.07421875,4344.2313198983
9642,1994,CA,CCO,LAC,AMAR,00000000,7/22/1994 7:00:00 AM,,14,,1,77.96739,,,,00000000,,1990-1999,460623.46484375,2654.41336630104
3642,2016,CA,CCO,ORC,COW CAMP,,8/29/2016 7:00:00 AM,8/29/2016 7:00:00 AM,14,4,1,10.5507,Cow Camp Rd / Essencia Dr Inc # 16091250,,,,,2010-2019,61602.3359375,1342.84124330718
4083,2014,CA,DOD,MCP,COMBAT,001359,5/19/2014 7:00:00 AM,,14,8,1,1457.185,,BASILONE COMPLEX,{f6900fe9-3808-4931-a7b1-a78dbb48001c},,{7158740F-470E-4D45-B4F7-679A9FF0EB16},2010-2019,8486723.625,16196.2506809699
8903,1997,CA,CDF,RRU,PATTERSON,00047738,9/7/1997 7:00:00 AM,,9,,1,149.156,,,,00001401,,1990-1999,875884.16015625,4121.21940936302
7329,2004,CA,CCO,ORC,CARBON CANYON,00058358,9/25/2004 7:00:00 AM,9/25/2004 7:00:00 AM,7,8,1,17.69472,,,,00058358,,2000-2009,104263.7265625,2865.37299459747
8870,1997,CA,CCO,ORC,SANTIAGO,00044623,9/2/1997 7:00:00 AM,,10,,1,338.1379,,,,00000000,,1990-1999,1982119.7734375,7271.94190401264
2704,2018,CA,CCO,ORC,AMENO,18130289,11/26/2018 8:00:00 AM,11/26/2018 8:00:00 AM,14,1,1,0.7929642,,,,,,2010-2019,4619.90234375,382.631998281388
8586,1999,CA,CDF,MVU,CREEK,00000000,9/29/1999 7:00:00 AM,,10,,1,23.81447,,,,00000000,,1990-1999,138791.46875,1638.47395109637
2750,2018,CA,LRA,ORC,JAMBOREE,18086167,8/5/2018 7:00:00 AM,8/5/2018 7:00:00 AM,14,1,1,0.07474243,,,,,,2010-2019,437.08984375,83.6924725088258
4742,2012,CA,CCO,ORC,SANTIAGO,12075627,9/27/2012 7:00:00 AM,9/27/2012 7:00:00 AM,14,1,1,43.97403,,,,,,2010-2019,258201.171875,2534.73017945037
5429,2010,CA,CCO,LAC,COLIMA,,9/16/2010 7:00:00 AM,9/16/2010 7:00:00 AM,10,5,1,11.20271,,,,209528,,2010-2019,66082.6796875,1339.27508400443
10361,1989,CA,USF,CNF,MATEO,00000000,10/18/1989 7:00:00 AM,10/23/1989 7:00:00 AM,9,8,1,13478.79,,,,00000055,,1980-1989,78666212.71875,55101.1668221318
7118,2005,CA,CDF,RRU,SANTA,00041648,5/18/2005 7:00:00 AM,5/18/2005 7:00:00 AM,9,6,1,2.331652,,,,00000669,,2000-2009,13693.56640625,571.311132027553
7782,2002,CA,CCO,ORC,EVENING,00023531,4/21/2002 7:00:00 AM,4/22/2002 7:00:00 AM,8,7,1,892.95,,,,00023531,,2000-2009,5256830.6796875,13467.9209978319
10338,1990,CA,CCO,LAC, ,00000000,10/8/1990 7:00:00 AM,,14,,1,8.831718,,,,00000000,,1990-1999,52124.2578125,1215.00977282654
9680,1994,CA,CDF,RRU, ,00035668,8/5/1994 7:00:00 AM,,2,,1,27.649,,,,00001221,,1990-1999,162732.953125,1924.64208614665
8469,1999,CA,CDF,RRU,CHASE,00058088,9/30/1999 7:00:00 AM,,7,,1,439.7718,,,,00001536,,1990-1999,2586459.70703125,7920.45639485834
1562,2020,CA,CDF,ORC,BLUE RIDGE,20121612,10/26/2020 7:00:00 AM,11/2/2020 8:00:00 AM,14,7,1,13694.53,,,{B2E115D6-E687-4E3F-8309-0EAF6530522A},,,2020-January 2025,80671871.3554688,65838.8753839644
8964,1997,CA,CCO,LAC,FREEWAY I,00008104,5/27/1997 7:00:00 AM,,14,,1,22.0313,,,,00060000,,1990-1999,130274.59765625,1646.04090716698
6362,2007,CA,CDF,RRU,STRAW,00007466,12/3/2007 8:00:00 AM,12/3/2007 8:00:00 AM,14,7,1,42.57693,,,,00000000,,2000-2009,250193.65625,1959.92430533539
3623,2016,CA,CCO,ORC,REATA ,,7/11/2016 7:00:00 AM,7/11/2016 7:00:00 AM,2,1,1,14.00695,Lindura St / Borra Pl Inc # 1672601,,,,,2010-2019,81777.2890625,2010.57949219972
3374,2017,CA,CCO,ORC, ,17100662,9/13/2017 7:00:00 AM,9/13/2017 7:00:00 AM,14,1,1,0.01499808,,,,,,2010-2019,87.80859375,39.9520066534687
11887,1982,CA,USF,CNF,HAGADOR,00000000,7/28/1982 7:00:00 AM,7/29/1982 7:00:00 AM,7,8,1,266.8564,,,,00000031,,1980-1989,1568973.02734375,5292.15302151983
8329,2000,CA,USF,CNF,MAINSTREET,00001703,8/20/2000 7:00:00 AM,8/20/2000 7:00:00 AM,9,8,1,18.2959,,,,00000056,,2000-2009,107563.55859375,1210.67300861917
10407,1989,CA,CCO,LAC,ONYX,00681467,7/28/1989 7:00:00 AM,,14,,1,326.2972,,,,00000189,,1980-1989,1928847.703125,7385.62579804074
10693,1988,CA,CDF,RRU,HORSETHIEF II,00036665,10/11/1988 7:00:00 AM,,2,,1,134.6095,,,,00002056,,1980-1989,789314.0859375,3472.6742336163
10699,1988,CA,CCO,LAC,DIAMOND BAR,00000000,9/30/1988 7:00:00 AM,,14,,1,119.4076,,,,00000000,,1980-1989,704360,3878.62701668305
7350,2004,CA,CCO,ORC,SANTIAGO,00058312,9/25/2004 7:00:00 AM,9/25/2004 7:00:00 AM,10,8,1,12.41436,,,,00058312,,2000-2009,72811.6484375,1394.36495205713
1499,2021,CA,LRA,LAC,TONNER,00310831,9/30/2021 7:00:00 AM,9/30/2021 7:00:00 AM,14,1,1,1.969455,,,{3D28F642-20F1-4A23-B6FE-38A440B8276D},,,2020-January 2025,11616.12109375,442.469459640313
3468,2016,CA,USF,CNF,HOLY,002642,8/31/2016 7:00:00 AM,9/9/2016 7:00:00 AM,9,6,1,146.0501,FIRESTSAT C_Meth 20 Digitized Other,,{C5157038-2EF9-49BB-89DA-6AE21238C365},,,2010-2019,855536.63671875,5305.89381404425
8878,1997,CA,CDF,RRU,BROWN,00024633,5/10/1997 7:00:00 AM,,7,,1,267.9394,,,,00000634,,1990-1999,1574917.671875,5492.27242539054
8692,1998,CA,CDF,RRU,LEE,00042803,8/2/1998 7:00:00 AM,,14,,1,485.0919,,,,00001044,,1990-1999,2837715.49609375,9962.57876896249
3949,2015,CA,CCO,ORC,,,9/17/2015 7:00:00 AM,9/17/2015 7:00:00 AM,14,1,1,15.64318,"21460 Casino Ridge Rd, Yorba Linda",,,15093954,,2010-2019,92127.3984375,1725.00313896611
6485,2007,CA,CCO,ORC,ANTONIO,00000000,6/25/2007 7:00:00 AM,,11,,1,0.8795359,,,,07040974,,2000-2009,5138.02734375,286.936308349617
8835,1997,CA,CDF,MVU,MARGARITA,00006857,9/4/1997 7:00:00 AM,,14,,1,1164.129,,,,00000000,,1990-1999,6784645.828125,17190.505266733
2761,2018,CA,CCO,ORC,COSTCO,18107545,9/29/2018 7:00:00 AM,9/29/2018 7:00:00 AM,14,1,1,0.01172807,,,,,,2010-2019,68.8515625,41.2967710338925
10470,1989,CA,USF,CNF,RICE,00000000,11/18/1989 8:00:00 AM,,9,,1,60.66374,,,,00000018,,1980-1989,352885.234375,2477.39570560712
3116,2017,CA,DOD,MCP,JARDINE,00001725,6/16/2017 7:00:00 AM,6/16/2017 7:00:00 AM,5,6,1,20.19442,"Perimeter is drawn estimate, not GPS’d. Cost unk,*",,,,,2010-2019,117707.3671875,1529.27821489093
7295,2004,CA,CCO,ORC,BLACKSTAR,00047946,8/9/2004 7:00:00 AM,8/9/2004 7:00:00 AM,7,6,1,35.22298,,,,00047946,,2000-2009,206781.7578125,2074.60166376568
1510,2021,CA,CCO,ORC,WINDY RIDGE,21061702,5/26/2021 7:00:00 AM,5/26/2021 7:00:00 AM,14,1,1,1.663294,,,{4514BF62-BBC2-4B3F-B61D-76105AE3193D},,,2020-January 2025,9771.52734375,593.679164675585
9502,1995,CA,CCO,LAC,LANTERMAN,00000000,8/30/1995 7:00:00 AM,,14,,1,8.255976,,,,00000000,,1990-1999,48775.04296875,912.105623693709
13,2024,CA,CCO,ORC,AIRPORT,00127883,9/9/2024 7:00:00 AM,10/6/2024 7:00:00 AM,2,3,1,23526.35,,,{8DE09A3A-443F-4D3F-8A56-6A650C70C41A},,,2020-January 2025,137790737.367188,106263.443450057
5423,2010,CA,CDF,RRU,MAYWOOD,00011095,7/17/2010 7:00:00 AM,7/17/2010 7:00:00 AM,9,1,1,13.66886,Cause was shooting,,,FLY1,,2010-2019,80231.875,1257.13809292596
9972,1992,CA,CDF,MVU,RICE,00000000,2/26/1992 8:00:00 AM,,14,,1,369.7194,,,,000014.0,,1990-1999,2150724.58203125,7950.51205773694
7524,2003,CA,CDF,RRU,MATHEWS,00064778,8/23/2003 7:00:00 AM,8/24/2003 7:00:00 AM,9,8,1,234.61,,,,00001487,,2000-2009,1378260.44140625,5456.06229291298
6256,2007,CA,CDF,RRU,DAILY,00066244,7/29/2007 7:00:00 AM,7/29/2007 7:00:00 AM,14,7,1,224.3175,,,,00000000,,2000-2009,1312729.25,5719.80207781295
11709,1983,CA,CDF,BDU,HILLS,00009299,9/14/1983 7:00:00 AM,,2,,1,581.3018,,,,00000736,,1980-1989,3425527.07421875,11617.1278104641
8057,2001,CA,CDF,RRU,CAJALCO,00043952,6/28/2001 7:00:00 AM,,9,,1,224.9614,,,,00000933,,2000-2009,1323418.85546875,5630.8705213185
8910,1997,CA,CDF,RRU,OLIVE,00041692,8/5/1997 7:00:00 AM,,14,,1,104.7814,,,,00001211,,1990-1999,615078.12109375,5420.72153409516
7865,2002,CA,USF,CNF,HOLY,00000000,1/23/2002 8:00:00 AM,1/27/2002 8:00:00 AM,4,6,1,74.32557,,,,00000003,,2000-2009,435511.8359375,2811.17440456182
10527,1989,CA,CCO,LAC, ,00000000,6/7/1989 7:00:00 AM,,14,,1,4.421497,,,,00000000,,1980-1989,26083.5390625,653.49790941721
5950,2008,CA,CCO,LAC,STORRS,110146,5/16/2008 7:00:00 AM,,14,7,,81.80362,,,,110146,,2000-2009,483370.859375,3280.41718616368
981,2022,CA,CDF,MVU,SANDIA,00019223,9/4/2022 7:00:00 AM,9/5/2022 7:00:00 AM,10,7,1,29.23103,,,{1DBAB4E2-6CB8-4AE6-A164-9E123BE45A2B},,,2020-January 2025,170310.28125,2267.3264102055
1573,2020,CA,CDF,ORC,BOND,20136890,12/3/2020 8:00:00 AM,12/7/2020 8:00:00 AM,14,7,1,6681.099,,,{F7749F47-7C98-4CEC-A5DE-70DB9A9BE33F},,,2020-January 2025,39200475.4257813,52771.3654774732
11901,1982,CA,USF,CNF,BIG,00000000,9/7/1982 7:00:00 AM,9/7/1982 7:00:00 AM,9,8,1,196.9426,,,,00000062,,1980-1989,1147835.66015625,5075.91688117394
9886,1993,CA,CCO,LAC,BUTTONWOOD,00000000,6/1/1993 7:00:00 AM,,14,,1,6.286198,,,,00000000,,1990-1999,37078.8671875,722.555398172386
3202,2017,CA,CCO,ORC,JEFFREY,17090818,8/19/2017 7:00:00 AM,8/19/2017 7:00:00 AM,14,1,1,11.08747,,,{DF9C84F0-AD7A-4FEB-8AE9-870687AB7B6C},,,2010-2019,65024.59375,1196.02839727343
9084,1996,CA,CDF,RRU,SHORT,00027614,6/1/1996 7:00:00 AM,,2,,1,683.0132,,,,00000837,,1990-1999,3996943.28125,9395.76691239591
12262,1980,CA,CCO,LAC,CARBON,00711912,11/16/1980 8:00:00 AM,,14,,1,6954.627,,,,00000959,,1980-1989,40996845.3945313,76851.2711484547
11884,1982,CA,CDF,RRU, ,00000000,7/17/1982 7:00:00 AM,,7,,1,294.7579,,,,00000000,,1980-1989,1728661.375,6526.6082377838
12425,1980,CA,CDF,RRU,QUAIL,00012868,7/6/1980 7:00:00 AM,,14,,1,200.8495,,,,00000751,,1980-1989,1182738.77734375,3901.6507068386
2369,2018,CA,USF,CNF,HOLY,00002664,8/6/2018 7:00:00 AM,10/17/2018 7:00:00 AM,9,6,1,23025.4,Prolonged duration before fire will be ""Out""--lar*,,{E439FF1D-8417-4168-ABA1-5FFC32F2E185},,,2010-2019,134978279.597656,90674.2309998109
10936,1987,CA,CDF,RRU,RIVERSIDE,00004126,2/7/1987 8:00:00 AM,,8,,1,330.1902,,,,00000161,,1980-1989,1933584.0390625,7207.75751944122
10959,1987,CA,USF,CNF,MATEO,00000000,5/6/1987 7:00:00 AM,5/6/1987 7:00:00 AM,9,8,1,195.6918,,,,00000022,,1980-1989,1141313.51171875,5380.72216955788
9625,1994,CA,USF,CNF,LIVE OAK,00000000,8/21/1994 7:00:00 AM,8/23/1994 7:00:00 AM,9,8,1,160.1145,,,,00000050,,1990-1999,938434.37109375,4200.35797715393
2346,2019,CA,CCO,ORC,BOMMER,19122560,10/24/2019 7:00:00 AM,10/24/2019 7:00:00 AM,10,1,1,1.322732,,,,,,2010-2019,7763.5625,406.792533914472
10510,1989,CA,CCO,LAC, ,00000000,6/5/1989 7:00:00 AM,,14,,1,9.945247,,,,00000000,,1980-1989,58696.67578125,1036.93258637501
162,2024,CA,USF,CNF,TENAJA,00001874,8/25/2024 7:00:00 AM,9/3/2024 7:00:00 AM,14,7,1,99.1321,,,{C783AE61-686F-4C5C-BDD5-0DE5FEC41C59},,,2020-January 2025,579620.04296875,4576.69009691615
6236,2007,CA,CDF,RRU,ROSA,00092560,10/22/2007 7:00:00 AM,10/22/2007 7:00:00 AM,14,7,1,409.6346,,,,00000000,,2000-2009,2388962.98046875,10462.8876976061
4931,2012,CA,CCO,LAC,VANTAGE POINTE,00052201,3/3/2012 8:00:00 AM,3/3/2012 8:00:00 AM,14,1,1,0.2644691,,,,,,2010-2019,1559.5390625,247.677435208746
11686,1983,CA,CDF,RRU,MCKINLEY,00014739,7/18/1983 7:00:00 AM,,8,,1,1606.863,,,,00000689,,1980-1989,9451997.14453125,21094.1841425253
4785,2012,CA,CDF,RRU,LINDELL,00059963,6/18/2012 7:00:00 AM,6/18/2012 7:00:00 AM,14,1,1,20.55804,,,,,,2010-2019,120646.4140625,2233.66974781831
11283,1985,CA,CCO,ORC,TELEGRAPH,00024138,8/11/1985 7:00:00 AM,,14,,1,1634.895,,,,00000000,,1980-1989,9632776.22265625,17383.0342425406
2438,2018,CA,USF,CNF,SKYLINE,00002422,7/19/2018 7:00:00 AM,8/3/2018 7:00:00 AM,9,6,1,281.6225,"E-320 dispatched 15:25, on scene 15:40 w.AZ E-231*",,,,,2010-2019,1656089.54296875,7178.54661116344
10049,1992,CA,CCO,LAC,AZUSA,00000000,6/29/1992 7:00:00 AM,,14,,1,35.47294,,,,00000000,,1990-1999,209305.79296875,2507.658512446
10596,1988,CA,CDF,BDU,STATE PARK,00035216,6/24/1988 7:00:00 AM,,9,,1,820.4838,,,,00000681,,1980-1989,4837260.69140625,12423.2373553006
11984,1981,CA,CDF,RRU, ,00011149,6/15/1981 7:00:00 AM,,7,,1,9182.019,,,,00000598,,1980-1989,53617887.9023438,41637.3922811427
10312,1990,CA,CCO,LAC, ,00000000,6/27/1990 7:00:00 AM,,14,,1,30.08268,,,,00000000,,1990-1999,177474.8046875,2820.86442060359
1605,2020,CA,CDF,RRU,AIRPORT,00154602,12/1/2020 8:00:00 AM,12/13/2020 8:00:00 AM,14,2,1,1085.7,,,,,,2020-January 2025,6394320.5859375,21111.0757464018
1456,2021,CA,LRA,ORC,RIDGE,21094052,8/6/2021 7:00:00 AM,8/6/2021 7:00:00 AM,2,1,1,5.647393,,,,,,2020-January 2025,33082.9375,879.335347829174
5678,2009,CA,DOD,MCP,ORTEGA 2,000047,7/30/2009 7:00:00 AM,7/31/2009 7:00:00 AM,2,5,1,11.61811,Perimeter Unknown,,,000047,,2000-2009,67563.90625,994.863110693068
11629,1984,CA,CCO,LAC, ,00000000,8/29/1984 7:00:00 AM,,14,,1,35.06683,,,,00000000,,1980-1989,207056.9921875,2236.14558780259
8635,1999,CA,CDF,MVU,STEWARD (SPOT),00004400,7/4/1999 7:00:00 AM,,14,,1,4.617373,,,,00000000,,1990-1999,26862.078125,808.208457335645
9322,1995,CA,CDF,RRU,DAWSON,00034850,7/20/1995 7:00:00 AM,,8,,1,4717.969,,,,00001030,,1990-1999,27696040.8320313,32435.6720442556
4994,2011,CA,CCO,ORC,CARBON CANYON,00045067,7/7/2011 7:00:00 AM,7/8/2011 7:00:00 AM,14,7,1,508.3433,coll meth Capturx pen by Adapx ,,,,,2010-2019,2996047.60546875,8143.54219306446
10155,1991,CA,CDF,RRU,FRESNO,00027576,7/5/1991 7:00:00 AM,,2,,1,50.40365,,,,00000890,,1990-1999,296680.1640625,2215.4127623256
6202,2007,CA,BLM,CDD,DAWSON,00040815,5/8/2007 7:00:00 AM,5/8/2007 7:00:00 AM,9,2,1,960.7297,,,,00040815,,2000-2009,5644468.71484375,12872.1613211941
10281,1990,CA,CCO,ORC,MONARCH,00000000,6/20/1990 7:00:00 AM,,14,,1,101.4087,,,,00000000,,1990-1999,592259.52734375,3282.04512133288
12153,1981,CA,USF,CNF,SPRING,00000000,7/21/1981 7:00:00 AM,7/21/1981 7:00:00 AM,9,8,1,98.32894,,,,00000048,,1980-1989,573158.14453125,3829.38899387893
6488,2007,CA,CCO,ORC,PIONEER,00000000,5/26/2007 7:00:00 AM,,8,,1,0.338818,,,,00034237,,2000-2009,1989.20703125,231.983936507886
4802,2012,CA,CDF,RRU,GILMER,00084009,8/25/2012 7:00:00 AM,8/25/2012 7:00:00 AM,9,1,1,16.11734,,,,,,2010-2019,94607.43359375,1354.52584902868
3305,2017,CA,CCO,ORC,TOMATO SPRINGS,17140376,12/22/2017 8:00:00 AM,12/22/2017 8:00:00 AM,14,1,1,0.5389289,,,,,,2010-2019,3159.30078125,265.791635356242
5326,2010,CA,USF,CNF,TENAJA,000132,1/14/2010 8:00:00 AM,1/14/2010 8:00:00 AM,5,8,1,109.516,,,,03,,2010-2019,640390.73828125,5828.11718447153
2744,2018,CA,CCO,LAC,VIEW,00157745,5/27/2018 7:00:00 AM,5/27/2018 7:00:00 AM,2,1,1,0.1131595,,,{95AB8469-10B4-45A8-AC67-133964272E47},,,2010-2019,667.6484375,167.795439282033
3789,2015,CA,CDF,RRU,HIGHWAY,044605,4/18/2015 7:00:00 AM,4/24/2015 7:00:00 AM,4,1,1,1048.689,,,{14F2A196-75F8-4ABD-9464-EF7A864A5447},,,2010-2019,6176964.890625,17231.846318249
1774,2020,CA,CDF,RRU,SIERRA,00071265,6/8/2020 7:00:00 AM,6/8/2020 7:00:00 AM,8,1,1,39.05026,,,{89409127-B38E-4584-9FB7-E66A2E99E960},,,2020-January 2025,229655.66015625,6088.60631302228
2758,2018,CA,LRA,ORC,CANADA IC ,18020678,2/20/2018 8:00:00 AM,2/20/2018 8:00:00 AM,14,1,1,0.02049659,,,,,,2010-2019,120,41.2180563880354
11649,1984,CA,CCO,LAC, ,00000000,8/30/1984 7:00:00 AM,,14,,1,17.36827,,,,00000000,,1980-1989,102714.83203125,1876.48730965171
45,2024,CA,CDF,RRU,EAGLE,00110705,7/21/2024 7:00:00 AM,7/23/2024 7:00:00 AM,14,8,1,1710.17,,,{CF752261-36E5-44C3-AB89-61B0B0CA75AF},,,2020-January 2025,10051504.15625,16595.9083264067
2707,2018,CA,CCO,ORC,COTO,18086089,8/5/2018 7:00:00 AM,8/5/2018 7:00:00 AM,14,1,1,0.740642,,,,,,2010-2019,4328.81640625,315.08139467533
294,2024,CA,BLM,CDD,WALNUT,00114306,7/28/2024 7:00:00 AM,7/28/2024 7:00:00 AM,7,7,1,22.60514,Stripped and burned vehicle,,{FC999D96-2139-400A-AF29-9BC38289846A},,,2020-January 2025,132861.875,2984.33400955942
8658,1998,CA,CDF,RRU,WEIRICK,00048758,8/31/1998 7:00:00 AM,,1,,1,2429.388,,,,00001312,,1990-1999,14278423.3632813,17593.0566086426
8901,1997,CA,CDF,RRU,GAVILAN,00034875,7/2/1997 7:00:00 AM,,14,,1,158.9578,,,,00000000,,1990-1999,933893.1015625,4516.69650234872
6494,2007,CA,CCO,ORC,241 (HAYSTACK),00000000,5/26/2007 7:00:00 AM,,10,,1,0.2382202,,,,00000000,,2000-2009,1399.76953125,644.165030147161
11263,1985,CA,USF,CNF,ROBLAR,00000000,7/1/1985 7:00:00 AM,7/4/1985 7:00:00 AM,9,8,1,8136.138,,,,00000024,,1980-1989,47365815.0234375,38685.7805453897
10127,1991,CA,CCO,ORC,PICO,00000000,11/25/1991 8:00:00 AM,,7,,1,222.0677,,,,00000000,,1990-1999,1294901.37890625,5894.84778343042
5550,2009,CA,CCO,LAC,DIAMOND,250651,11/3/2009 8:00:00 AM,11/4/2009 8:00:00 AM,10,7,1,155.2837,,,,250651,,2000-2009,917125.0390625,9153.25483766503
5241,2011,CA,CCO,ORC,UNNAMED,00047560,7/18/2011 7:00:00 AM,7/18/2011 7:00:00 AM,4,7,1,1.131127,"coll meth Capturx pen by Adapx, no given name",,,,,2010-2019,6624.3671875,388.384070577109
10196,1990,CA,CCO,LAC,CARBON CANYON,00921197,6/27/1990 7:00:00 AM,,14,,1,4978.084,,,,00000190,,1990-1999,29349797.296875,63719.017675853
1514,2021,CA,CCO,LAC,TURNBULL,00117398,4/18/2021 7:00:00 AM,4/18/2021 7:00:00 AM,14,1,1,1.467101,,,{FDAB51CB-E6C0-44F7-8F3E-D737F9E8DE4C},,,2020-January 2025,8657.671875,419.574015017645
11693,1983,CA,CDF,RRU,CANYON,00011886,6/16/1983 7:00:00 AM,,14,,1,1231.167,,,,00000445,,1980-1989,7214235.48046875,12452.7984004991
12125,1981,CA,USF,CNF,CASE,00000000,6/25/1981 7:00:00 AM,6/25/1981 7:00:00 AM,9,8,1,179.1065,,,,00000024,,1980-1989,1043753.375,4069.60968446562
6469,2007,CA,CCO,ORC,FREEMONT/IRVINE LAKE,00000000,6/22/2007 7:00:00 AM,,16,,1,9.488764,,,,00039619,,2000-2009,55752.11328125,1351.3328298829
3280,2017,CA,CCO,ORC,ANTONIO,17068926,6/24/2017 7:00:00 AM,6/24/2017 7:00:00 AM,14,1,1,2.2113,,,,,,2010-2019,12935.625,506.686423304343
2733,2018,CA,CCO,ORC,SANTIAGO CANYON,18075816,7/11/2018 7:00:00 AM,7/11/2018 7:00:00 AM,14,1,1,0.2125467,,,,,,2010-2019,1247.734375,183.467868991646
8590,1999,CA,USF,CNF,TIN MINE,00001587,7/7/1999 7:00:00 AM,7/8/1999 7:00:00 AM,4,8,1,18.68623,,,,00000052,,1990-1999,109886.72265625,1415.7224837822
11724,1983,CA,CDF,MVU,ASSIST #38,00001577,9/13/1983 7:00:00 AM,,14,,1,351.3198,,,,00000582,,1980-1989,2045727.2265625,5262.53918459509
8636,1999,CA,USF,CNF,ZELLER,00000000,1/2/1999 8:00:00 AM,1/2/1999 8:00:00 AM,9,8,1,4.556684,,,,00000001,,1990-1999,26675.203125,787.302382572926
2725,2018,CA,CCO,ORC,ALICIA,18075266,7/9/2018 7:00:00 AM,7/9/2018 7:00:00 AM,14,1,1,0.3192534,,,,,,2010-2019,1866.5859375,223.138715577362
11584,1984,CA,USF,CNF,MARGARITA,00000000,9/26/1984 7:00:00 AM,9/26/1984 7:00:00 AM,9,8,1,129.65,,,,00000094,,1980-1989,755724.74609375,3609.78491595943
7843,2002,CA,CCO,ORC,AVERY,02034006,6/11/2002 7:00:00 AM,6/11/2002 7:00:00 AM,9,1,1,129.8324,,,,02034006,,2000-2009,758295.203125,4020.50970032128
4803,2012,CA,BLM,CDD,RANGE,00007050,9/29/2012 7:00:00 AM,10/2/2012 7:00:00 AM,9,1,1,15.65881,,,,,,2010-2019,91959.6015625,1507.43638557379
3380,2017,CA,CCO,ORC, ,17140202,12/22/2017 8:00:00 AM,12/22/2017 8:00:00 AM,14,1,1,0.001356887,,,,,,2010-2019,7.93359375,13.3867071561042
11776,1983,CA,USF,CNF,ASSIST #31,00000000,8/20/1983 7:00:00 AM,,9,,1,114.649,,,,00000016,,1980-1989,667561.8203125,3442.57493801224
11395,1985,CA,CCO,LAC,ELEPHANT HILL,00000000,5/12/1985 7:00:00 AM,,14,,1,89.116,,,,00000000,,1980-1989,526688.36328125,3094.92593391584
11919,1982,CA,USF,CNF,CASE,00000000,8/5/1982 7:00:00 AM,8/5/1982 7:00:00 AM,9,8,1,121.0955,,,,00000035,,1980-1989,705604.296875,3584.24290491011
10496,1989,CA,CCO,LAC, ,00000000,7/4/1989 7:00:00 AM,,14,,1,20.33453,,,,00000000,,1980-1989,120126.3984375,1593.86832965195
2453,2018,CA,CDF,MVU,ROCK 5,00011272,7/28/2018 7:00:00 AM,8/2/2018 7:00:00 AM,14,1,1,206.2568,,,{76FD4A38-35C8-46E7-8809-13D08A8093F5},,,2010-2019,1201319.15625,8105.12095752616
6632,2006,CA,CDF,RRU,LOOKOUT 2,00096476,11/12/2006 8:00:00 AM,11/13/2006 8:00:00 AM,9,8,1,220.2273,,,,00000092,,2000-2009,1289107.16796875,6451.1611393498
7124,2004,CA,CDF,RRU,CERRITO,00035517,5/3/2004 7:00:00 AM,5/7/2004 7:00:00 AM,8,8,1,16447.4,,,,00000681,,2000-2009,96549302.9414063,86449.6394260883
10213,1990,CA,USF,CNF,CASE,00000000,10/27/1990 7:00:00 AM,10/28/1990 7:00:00 AM,9,8,1,2062.641,,,,00000055,,1990-1999,12017274.328125,16234.8336494115
4711,2012,CA,CDF,RRU,CEDAR,00051664,5/25/2012 7:00:00 AM,5/26/2012 7:00:00 AM,9,1,1,71.6502,,,,,,2010-2019,419681.27734375,2754.12284694431
8049,2001,CA,CDF,RRU,OLIVE,00047548,7/11/2001 7:00:00 AM,,14,,1,283.0871,,,,00001045,,2000-2009,1661295.99609375,5773.74116325882
601,2023,CA,CDF,RRU,GAVILAN,00103039,7/15/2023 7:00:00 AM,7/23/2023 7:00:00 AM,14,2,1,334.5828,,,{2EB6C428-B6F4-486F-9CA3-492F45EFBB30},,,2020-January 2025,1966205.47265625,7959.66657521688
7416,2003,CA,BLM,CDD,ROBLAR 2,00000000,10/21/2003 7:00:00 AM,10/28/2003 8:00:00 AM,2,8,1,6892.213,,,,0000AW5J,,2000-2009,40142718.1992188,38014.946223991
12085,1981,CA,CDF,RRU,WASSON,00014096,7/22/1981 7:00:00 AM,,14,,1,356.1767,,,,00000957,,1980-1989,2089109.3125,6178.66370963883
1963,2020,CA,CCO,LAC,HILL,00163511,6/4/2020 7:00:00 AM,6/4/2020 7:00:00 AM,14,1,1,3.485558,,,{40B32CC5-F63E-4C34-B9EE-F77380C070B5},,,2020-January 2025,20568.64453125,556.023711256184
2745,2018,CA,CCO,ORC,EL TORO IC ,18009721,1/24/2018 8:00:00 AM,1/24/2018 8:00:00 AM,14,6,1,0.09832976,,,,,,2010-2019,575.63671875,160.241794730047
3051,2017,CA,BLM,CDD,CHRISTMAS,00010474,7/7/2017 7:00:00 AM,7/7/2017 7:00:00 AM,14,1,1,33.55245,,,{7BC3BE30-1242-4369-B5E5-AA3CEB24D925},,,2010-2019,196944.984375,1789.88523491396
3294,2017,CA,CCO,ORC,NIGUEL,17070830,6/29/2017 7:00:00 AM,6/29/2017 7:00:00 AM,2,1,1,1.328025,,,,,,2010-2019,7759.390625,471.104422535993
11315,1985,CA,CDF,RRU,HORSE,00018064,7/11/1985 7:00:00 AM,,14,,1,760.6747,,,,00000849,,1980-1989,4459764.953125,10599.0075101735
1920,2020,CA,CDF,ORC,WILLIAMS,20088756,8/7/2020 7:00:00 AM,8/8/2020 7:00:00 AM,2,1,1,7.809119,,,{A67AC9BC-B9EB-4330-943E-339A350337AF},,,2020-January 2025,45806.5078125,1017.777169788
3343,2017,CA,CCO,ORC, ,17116171,10/23/2017 7:00:00 AM,10/23/2017 7:00:00 AM,14,1,1,0.08686703,,,,,,2010-2019,509.8046875,185.270236078712
7771,2002,CA,CCO,ORC,ANTONIO,00027999,5/13/2002 7:00:00 AM,5/14/2002 7:00:00 AM,9,7,1,1480.469,,,,00027999,,2000-2009,8658982.48046875,21925.9656876737
7969,2002,CA,CCO,ORC,BREA CANYON,00000000,6/5/2002 7:00:00 AM,,14,,1,3.547262,,,,00000000,,2000-2009,20910.60546875,667.904391668341
2799,2017,CA,CCO,ORC,CANYON II,17110494,10/9/2017 7:00:00 AM,10/17/2017 7:00:00 AM,5,7,1,9198.028,,,{8DD9B655-367A-4446-A544-5409A3034132},,,2010-2019,54071908.875,56494.6997950555
5384,2010,CA,CDF,RRU,GILMER,00048022,5/31/2010 7:00:00 AM,5/31/2010 7:00:00 AM,14,1,1,31.60417,BLM-CACDD009214,,,,,2010-2019,185491.81640625,2033.23657586554
11930,1982,CA,USF,CNF,OUTSIDE ORIGIN DELUZ,00000000,7/26/1982 7:00:00 AM,,9,,1,90.90848,,,,00000005,,1980-1989,529411.2265625,3501.19017703075
9915,1992,CA,CDF,RRU,RAINBOW,00042950,9/27/1992 7:00:00 AM,,7,,1,2694.476,,,,00001536,,1990-1999,15700953.0585938,20209.8756745547
4173,2014,CA,BLM,CDD,MINE,003195,2/17/2014 8:00:00 AM,2/17/2014 8:00:00 AM,9,1,1,19.09398,Shooting,,,,,2010-2019,112080.0859375,1534.40224718359
3486,2016,CA,CCO,ORC,TRABUCO,,9/6/2016 7:00:00 AM,9/7/2016 7:00:00 AM,14,1,1,97.34912,26722 Avery Pkwy by Service rd  Inc # 1672601,,,,,2010-2019,568610.25,3121.01535493116
6240,2007,CA,CDF,RRU,COLINA,00079386,9/10/2007 7:00:00 AM,9/10/2007 7:00:00 AM,14,7,1,374.4466,,,,00000000,,2000-2009,2184604.7890625,8529.81502647008
2822,2017,CA,CCO,ORC,CANYON I,17105068,9/25/2017 7:00:00 AM,10/1/2017 7:00:00 AM,9,7,1,2661.415,,,{61623DEF-3943-4185-8E8E-F7DFF24FEAD3},,,2010-2019,15659865.921875,37891.5495399627
4883,2012,CA,CDF,RRU,SCOTT,00055825,6/6/2012 7:00:00 AM,6/6/2012 7:00:00 AM,9,1,1,4.255865,,,,,,2010-2019,24914.65625,930.526897358733
306,2024,CA,CDF,MVU,RICE 2,00020928,9/9/2024 7:00:00 AM,9/9/2024 7:00:00 AM,11,8,1,19.77127,Power station- 09/09/24 08:05,,{1AF0E216-9AC4-411B-B054-34AB0CC3FCAC},,,2020-January 2025,114999.9765625,1608.85821761179
4319,2013,CA,USF,CNF,FALLS,00000047,8/5/2013 7:00:00 AM,8/14/2013 7:00:00 AM,9,2,1,1384.327,"CAL FIRE#002512 origin outside of perimeter, sparks of burning structure caused",,,,,2010-2019,8103325.42578125,20543.7756302403
3678,2016,CA,CDF,RRU,EVERGREEN 1,085959,7/16/2016 7:00:00 AM,7/16/2016 7:00:00 AM,14,1,1,2.376094,,,{6AEAAC33-C1F4-4261-8961-14C8F235EEA0},,,2010-2019,13909.765625,615.977835338312
7760,2002,CA,CCO,ORC,GREEN,02008311,2/9/2002 8:00:00 AM,2/12/2002 8:00:00 AM,11,6,1,2234.36,,,,02008311,,2000-2009,13143623.1289063,19951.0788103007
6480,2007,CA,CCO,ORC,FREEWAY INCIDENT,00000000,9/18/2007 7:00:00 AM,,8,,1,2.454626,,,,00060896,,2000-2009,14373.421875,917.112176256947
6457,2007,CA,CDF,RRU,LAGUNA,00080051,9/12/2007 7:00:00 AM,9/12/2007 7:00:00 AM,14,7,1,12.43935,,,,00000000,,2000-2009,72852.08984375,1484.48255540977
220,2024,CA,CDF,MVU,GARDEN,00024847,11/8/2024 8:00:00 AM,11/9/2024 8:00:00 AM,2,7,1,50.05513,,,{5CC8A505-9BC7-4C7F-A44B-7454390F9428},,,2020-January 2025,290974.3203125,3727.86188403051
10642,1988,CA,CDF,RRU,STATE,00031293,8/31/1988 7:00:00 AM,,9,,1,314.4298,,,,00001766,,1980-1989,1835369.44140625,5658.83292290954
1408,2021,CA,LRA,LAC,KELLOGG,00023118,1/19/2021 8:00:00 AM,1/19/2021 8:00:00 AM,14,1,1,12.2616,,,{64644DBD-388F-4CF3-8F5C-98B6C8CDBBC8},,,2020-January 2025,72488.9609375,1239.72451905119
3317,2017,CA,CCO,LAC,TETON,00290730,9/28/2017 7:00:00 AM,9/28/2017 7:00:00 AM,14,7,1,0.3011239,,,{412AE3A6-C702-4D39-ABE9-D863A433412E},,,2010-2019,1777.46875,219.109806654465
12022,1981,CA,CDF,RRU,COTTENWOOD,00011130,6/15/1981 7:00:00 AM,,14,,1,1278.823,,,,00000590,,1980-1989,7486558.125,11277.2887977611
11730,1983,CA,CDF,RRU,BEDFORD,00016951,8/13/1983 7:00:00 AM,,2,,1,308.5093,,,,00000914,,1980-1989,1812472.69140625,6630.20893024863
3369,2017,CA,CCO,ORC,TRAFALGAR CANYON,17059847,6/1/2017 7:00:00 AM,6/1/2017 7:00:00 AM,14,1,1,0.04850181,,,,,,2010-2019,282.5,75.3595791908498
4448,2013,CA,CDF,RRU,ROSA,00013093,10/4/2013 7:00:00 AM,10/4/2013 7:00:00 AM,2,1,1,24.74532,shooting,,,,,2010-2019,145234.91015625,1990.01846668898
12251,1980,CA,CDF,RRU,TURNER,00022240,11/16/1980 8:00:00 AM,,14,,1,31446.84,,,,00001727,,1980-1989,183696724.878906,75796.6149701986
3595,2016,CA,CCO,ORC,TORTOISE,,6/3/2016 7:00:00 AM,6/3/2016 7:00:00 AM,14,1,1,19.04916,17 Tortoise Shell Inc # 1658120,,,,,2010-2019,111302.2578125,1522.276596016
1580,2020,CA,DOD,MCP,CREEK 5,00020846,12/24/2020 8:00:00 AM,12/31/2020 8:00:00 AM,14,8,1,3052.173,,,,,,2020-January 2025,17761235.515625,30411.7942165506
2713,2018,CA,USF,CNF,JIM,00001756,6/5/2018 7:00:00 AM,6/18/2018 7:00:00 AM,14,1,1,0.5954995,,,{99010F64-7470-4CEB-911C-269100EBF031},,,2010-2019,3488.75,296.700591877574
6798,2006,CA,CDF,MVU,DELUZ,00010377,11/6/2006 8:00:00 AM,11/7/2006 8:00:00 AM,14,6,1,11.08289,,,,00001083,,2000-2009,64604.2734375,1089.76881362014
2221,2019,CA,CCO,ORC,ORTEGA,19104452,9/13/2019 7:00:00 AM,9/15/2019 7:00:00 AM,14,2,1,26.37641,,,{A1024CD5-D27C-491C-8261-5A4424438E84},,,2010-2019,154063.7890625,2583.37936040434
3377,2017,CA,CCO,ORC, ,17012285,1/30/2017 8:00:00 AM,1/30/2017 8:00:00 AM,14,1,1,0.003896726,,,,,,2010-2019,22.78125,19.3195339523709
2719,2018,CA,LRA,ORC,CREEK,18011407,1/28/2018 8:00:00 AM,1/28/2018 8:00:00 AM,14,1,1,0.4142567,,,,,,2010-2019,2417.05859375,220.265598016722
1362,2021,CA,CCO,ORC,NIGUEL,21121322,10/3/2021 7:00:00 AM,10/3/2021 7:00:00 AM,14,1,1,21.61345,,,,,,2020-January 2025,127395.8515625,1807.95909905772
7276,2004,CA,CCO,ORC,IRVINE,04034180,6/6/2004 7:00:00 AM,6/9/2004 7:00:00 AM,7,8,1,52.98566,,,,04034180,,2000-2009,311379.828125,4221.78424033213
2662,2018,CA,DOD,MCP,SAN MATEO CAMPGROUND,18084669,8/2/2018 7:00:00 AM,8/2/2018 7:00:00 AM,14,1,1,2.909111,,,,,,2010-2019,16943.59765625,1011.66667292752
2613,2018,CA,CDF,MVU,VISTA,00008333,6/5/2018 7:00:00 AM,6/6/2018 7:00:00 AM,14,1,1,12.10395,,,{B5C0AFA0-E14A-4D0B-9CFC-3D2304D20057},,,2010-2019,70484.22265625,1577.45039089369
5367,2010,CA,CDF,RRU,RIVER,00053282,6/16/2010 7:00:00 AM,6/16/2010 7:00:00 AM,2,1,1,46.58533,,,,,,2010-2019,274179.8125,2719.21378432769
3695,2016,CA,CCO,LAC,CROSSROADS,327021,11/10/2016 8:00:00 AM,11/10/2016 8:00:00 AM,2,7,1,0.9183477,,,,,,2010-2019,5424.52734375,399.440344566748
12294,1980,CA,CDF,RRU,LAKE #2,00022299,11/16/1980 8:00:00 AM,,14,,1,1215.922,,,,00001737,,1980-1989,7134389.73046875,12537.3401875746
10379,1989,CA,CCO,LAC,TURNBULL,00929114,7/3/1989 7:00:00 AM,,14,,1,1229.141,,,,00000489,,1980-1989,7256006.43359375,17441.2063175309
6300,2007,CA,CCO,ORC,261 INCIDENT,00000000,7/27/2007 7:00:00 AM,,10,,1,89.76794,,,,07048570,,2000-2009,527068.66796875,3390.73719814347
